Quilts,Bedspreads,Decorative Pillows,Bed Skirts,Sheets,Shams,Bedding Collections,Kids Bedding,Embroidered Bedspread,Towels
1,0,1,0,0,0,0,0,1,0
0,1,0,1,1,1,1,1,1,0
1,0,1,0,0,1,1,1,1,0
0,1,0,1,1,0,1,1,0,0
0,1,1,1,1,0,1,1,0,0
0,1,0,1,1,1,1,1,0,0
1,0,1,0,0,0,0,0,0,0
1,0,1,0,0,0,0,0,1,0
0,1,0,1,1,1,0,1,0,0
1,0,0,0,0,0,1,0,1,0
0,1,0,1,1,1,1,1,0,0
1,0,1,0,0,0,0,0,0,0
0,0,0,0,0,1,0,0,1,0
0,0,0,1,1,1,0,1,0,0
1,0,1,0,0,0,0,0,0,0
0,0,1,1,0,1,0,1,0,0
0,0,1,1,0,1,0,0,0,0
1,0,0,0,1,0,0,1,0,0
0,0,0,1,1,1,0,1,0,0
0,0,1,1,1,1,0,1,0,0
